producto,id_booking,estado,fecha_inicio,fecha_fin,fecha_creacion,cliente
Salas,7385,Perdido,2025-01-15,2025-01-16,2024-02-19,"GENERICO, EMPRESAS"
Habs y Salas,7983,Cancelado,2025-01-17,2025-01-19,2024-03-07,"GENERICO, AGENCIAS"
Habs y Salas,8973,Perdido,2025-03-12,2025-03-16,2024-04-10,"GENERICO, AGENCIAS"
Habs y Salas,9151,Perdido,2025-03-16,2025-03-22,2024-04-17,"GENERICO, EMPRESAS"
Habs y Salas,9265,Rechazado,2025-03-11,2025-03-14,2024-04-22,"GENERICO, AGENCIAS"
Habs y Salas,9612,CONFIRMACIÓN,2025-05-28,2025-06-07,2024-05-06,cliente_001
Salas,9649,Perdido,2025-06-22,2025-06-22,2024-05-08,GENERICO GENERICO
Salas,9676,CONFIRMACIÓN,2025-03-23,2025-03-23,2024-05-07,cliente_002
Salas,9737,Perdido,2025-05-09,2025-05-09,2024-05-09,GENERICO GENERICO
Habs y Salas,9764,Perdido,2025-01-03,2025-01-08,2024-05-13,GENERICO GENERICO
Habs y Salas,9911,Rechazado,2025-04-02,2025-04-05,2024-05-15,GENERICO GENERICO
Habs y Salas,10334,Perdido,2025-01-12,2025-01-18,2024-05-29,GENERICO GENERICO
Habs y Salas,10519,Perdido,2025-04-12,2025-04-18,2024-06-05,GENERICO GENERICO
Salas,10634,CONFIRMACIÓN,2025-09-15,2025-09-16,2024-06-07,cliente_003
Habs y Salas,10878,Perdido,2025-02-17,2025-02-23,2024-06-13,"GENERICO, AGENCIAS"
Habs y Salas,10898,Rechazado,2025-03-19,2025-03-20,2024-06-17,"GENERICO, AGENCIAS"
Habs y Salas,11028,Perdido,2025-02-11,2025-02-17,2024-06-19,GENERICO GENERICO
Habs y Salas,11217,Perdido,2025-01-07,2025-01-12,2024-06-25,"GENERICO, AGENCIAS"
Habs y Salas,11542,Perdido,2025-05-04,2025-05-05,2024-07-04,GENERICO GENERICO
Habs y Salas,11732,Rechazado,2025-05-05,2025-05-09,2024-07-11,"GENERICO, AGENCIAS"
Salas,11786,CONFIRMACIÓN,2025-01-11,2025-01-11,2024-07-12,cliente_004
Habs y Salas,12075,Perdido,2025-06-03,2025-06-05,2024-07-23,"GENERICO, AGENCIAS"
Habs y Salas,12128,Perdido,2025-04-02,2025-04-06,2024-07-24,GENERICO GENERICO
Salas,12583,Perdido,2025-04-12,2025-04-12,2024-08-14,GENERICO GENERICO
Habs y Salas,12635,Cancelado,2025-05-09,2025-05-17,2024-08-19,GENERICO GENERICO
Habs y Salas,12679,Perdido,2025-05-01,2025-05-04,2024-08-20,"GENERICO, AGENCIAS"
Habs y Salas,12765,Rechazado,2025-06-02,2025-06-06,2024-08-23,GENERICO GENERICO
Habs y Salas,12828,Rechazado,2025-01-15,2025-01-31,2024-08-28,GENERICO GENERICO
Habs y Salas,12829,Perdido,2025-04-03,2025-04-06,2024-08-28,GENERICO GENERICO
Habs y Salas,12830,Rechazado,2025-03-27,2025-03-30,2024-08-28,GENERICO GENERICO
Habs y Salas,12984,Perdido,2025-03-13,2025-03-16,2024-09-03,GENERICO GENERICO
Habs y Salas,12987,Perdido,2025-03-06,2025-03-09,2024-09-03,GENERICO GENERICO
Habs y Salas,13064,CONFIRMACIÓN,2025-01-13,2025-01-22,2024-09-05,cliente_005
Habs y Salas,13098,Perdido,2025-03-21,2025-03-23,2024-09-09,"GENERICO, AGENCIAS"
Salas,13106,CONFIRMACIÓN,2025-01-09,2025-01-17,2024-09-09,cliente_006
Habs y Salas,13233,CONFIRMACIÓN,2025-02-02,2025-04-30,2024-09-12,cliente_007
Salas,13337,Perdido,2025-02-01,2025-02-01,2024-09-17,GENERICO GENERICO
Salas,13812,Perdido,2025-03-22,2025-03-22,2024-09-27,GENERICO GENERICO
Salas,13822,Perdido,2025-06-14,2025-06-14,2024-09-30,GENERICO GENERICO
Habs y Salas,13844,CONFIRMACIÓN,2025-01-07,2025-01-22,2024-09-30,cliente_008
Habs y Salas,13912,CONFIRMACIÓN,2025-01-06,2025-01-11,2024-10-01,GENERICO GENERICO
Salas,13980,Perdido,2025-01-18,2025-01-18,2024-10-03,GENERICO GENERICO
Habs y Salas,13983,Rechazado,2025-03-14,2025-03-15,2024-10-03,"GENERICO, EMPRESAS"
Salas,13991,Perdido,2025-07-05,2025-07-05,2024-10-03,GENERICO GENERICO
Salas,13992,Perdido,2025-11-28,2025-11-29,2024-10-03,GENERICO GENERICO
Habs y Salas,13993,Perdido,2025-12-04,2025-12-07,2024-10-03,GENERICO GENERICO
Habs y Salas,14043,Perdido,2025-06-23,2025-06-27,2024-10-04,"GENERICO, AGENCIAS"
Salas,14191,Perdido,2025-01-21,2025-01-21,2024-10-08,GENERICO GENERICO
Habs y Salas,14203,CONFIRMACIÓN,2025-03-28,2025-04-16,2024-10-09,GENERICO GENERICO
Salas,14315,Rechazado,2025-03-15,2025-03-15,2024-10-14,GENERICO GENERICO
Salas,14326,Perdido,2025-05-09,2025-05-09,2024-10-14,GENERICO GENERICO
Habs y Salas,14327,Perdido,2025-01-27,2025-01-30,2024-10-14,GENERICO GENERICO
Habs y Salas,14386,Perdido,2025-03-30,2025-04-03,2024-10-14,GENERICO GENERICO
Habs y Salas,14387,Perdido,2025-03-19,2025-03-22,2024-10-14,GENERICO GENERICO
Habs y Salas,14537,Rechazado,2025-05-30,2025-06-03,2024-10-17,GENERICO GENERICO
Habs y Salas,14539,Perdido,2025-03-24,2025-03-26,2024-10-18,"GENERICO, AGENCIAS"
Salas,14793,Perdido,2025-07-05,2025-07-05,2024-10-23,GENERICO GENERICO
Salas,14794,Perdido,2025-02-04,2025-02-04,2024-10-23,GENERICO GENERICO
Habs y Salas,14801,Perdido,2025-07-09,2025-07-11,2024-10-23,GENERICO GENERICO
Habs y Salas,14814,CONFIRMACIÓN,2025-02-01,2025-02-12,2024-10-23,GENERICO GENERICO
Salas,15068,Perdido,2025-06-07,2025-06-07,2024-10-29,GENERICO GENERICO
Habs y Salas,15077,CONFIRMACIÓN,2025-06-15,2025-06-27,2024-10-30,cliente_009
Habs y Salas,15088,CONFIRMACIÓN,2025-02-02,2025-02-05,2024-10-29,GENERICO GENERICO
Salas,15122,CONFIRMACIÓN,2025-03-06,2025-03-09,2024-10-30,GENERICO GENERICO
Habs y Salas,15221,Cancelado,2025-03-25,2025-03-27,2024-10-31,"GENERICO, AGENCIAS"
Salas,15238,Perdido,2025-02-07,2025-02-09,2024-11-04,GENERICO GENERICO
Salas,15262,Perdido,2025-02-01,2025-02-01,2024-11-05,GENERICO GENERICO
Habs y Salas,15269,Perdido,2025-09-25,2025-09-28,2024-11-05,"GENERICO, AGENCIAS"
Habs y Salas,15344,Cancelado,2025-06-23,2025-06-26,2024-11-05,"GENERICO, AGENCIAS"
Habs y Salas,15388,Rechazado,2025-03-25,2025-03-28,2024-11-06,GENERICO GENERICO
Habs y Salas,15482,CONFIRMACIÓN,2025-03-13,2025-04-09,2024-11-08,cliente_010
Habs y Salas,15500,CONFIRMACIÓN,2025-03-06,2025-03-10,2024-11-11,cliente_011
Habs y Salas,15524,Rechazado,2025-02-24,2025-03-02,2024-11-09,GENERICO GENERICO
Habs y Salas,15541,Perdido,2025-03-07,2025-03-10,2024-11-11,GENERICO GENERICO
Salas,15613,Perdido,2025-05-10,2025-05-10,2024-11-12,GENERICO GENERICO
Habs y Salas,15618,Perdido,2025-06-23,2025-06-27,2024-11-12,GENERICO GENERICO
Habs y Salas,15666,CONFIRMACIÓN,2025-03-24,2025-03-27,2024-11-13,GENERICO GENERICO
Habs y Salas,15721,CONFIRMACIÓN,2025-04-08,2025-04-16,2024-11-14,GENERICO GENERICO
Salas,15722,CONFIRMACIÓN,2025-11-07,2025-11-09,2024-11-14,cliente_012
Habs y Salas,15737,CONFIRMACIÓN,2025-03-16,2025-04-07,2024-11-14,cliente_013
Habs y Salas,15853,Rechazado,2025-04-03,2025-04-04,2024-11-18,GENERICO GENERICO
Habs y Salas,15876,Rechazado,2025-01-29,2025-01-31,2024-11-18,GENERICO GENERICO
Habs y Salas,15959,Perdido,2025-01-29,2025-01-31,2024-11-20,GENERICO GENERICO
Salas,15981,Perdido,2025-02-19,2025-02-19,2024-11-20,GENERICO GENERICO
Habs y Salas,16167,Perdido,2025-03-11,2025-03-13,2024-11-25,GENERICO GENERICO
Habs y Salas,16181,Perdido,2025-01-22,2025-01-24,2024-11-25,GENERICO GENERICO
Habs y Salas,16227,Perdido,2025-01-22,2025-01-24,2024-11-26,GENERICO GENERICO
Habs y Salas,16228,Perdido,2025-01-27,2025-01-30,2024-11-26,GENERICO GENERICO
Habs y Salas,16312,Perdido,2025-06-09,2025-06-14,2024-11-27,GENERICO GENERICO
Habs y Salas,16313,Perdido,2025-06-12,2025-06-14,2024-11-27,GENERICO GENERICO
Salas,16314,CONFIRMACIÓN,2025-03-10,2025-03-20,2024-11-27,GENERICO GENERICO
Habs y Salas,16350,Perdido,2025-01-28,2025-01-30,2024-11-28,"GENERICO, AGENCIAS"
Habs y Salas,16414,CONFIRMACIÓN,2025-04-04,2025-04-06,2024-11-29,cliente_014
Habs y Salas,16425,Rechazado,2025-05-04,2025-05-09,2024-11-29,GENERICO GENERICO
Habs y Salas,16434,CONFIRMACIÓN,2025-01-06,2025-01-09,2024-11-29,cliente_015
Salas,16568,Cancelado,2025-02-15,2025-02-15,2024-12-03,GENERICO GENERICO
Habs y Salas,16717,Perdido,2025-02-19,2025-02-20,2024-12-05,GENERICO GENERICO
Habs y Salas,16732,CONFIRMACIÓN,2025-05-20,2025-05-27,2024-12-05,cliente_016
Salas,16755,Perdido,2025-02-26,2025-02-27,2024-12-05,GENERICO GENERICO
Habs y Salas,16836,Cancelado,2025-01-20,2025-01-23,2024-12-09,"GENERICO, EMPRESAS"
Habs y Salas,16949,Rechazado,2025-03-27,2025-03-30,2024-12-11,"GENERICO, AGENCIAS"
Habs y Salas,16969,Cancelado,2025-01-19,2025-01-23,2024-12-11,"GENERICO, AGENCIAS"
Habs y Salas,17022,Cancelado,2025-10-06,2025-10-10,2024-12-12,"GENERICO, AGENCIAS"
Habs y Salas,17024,CONFIRMACIÓN,2025-01-20,2025-01-24,2024-12-12,cliente_017
Habs y Salas,17026,Perdido,2025-02-11,2025-02-14,2024-12-12,GENERICO GENERICO
Habs y Salas,17081,Perdido,2025-05-11,2025-05-15,2024-12-13,GENERICO GENERICO
Habs y Salas,17217,Perdido,2025-04-24,2025-04-27,2024-12-18,"GENERICO, AGENCIAS"
Salas,17286,Perdido,2025-01-09,2025-01-09,2024-12-18,GENERICO GENERICO
Habs y Salas,17327,Perdido,2025-06-11,2025-06-13,2024-12-19,GENERICO GENERICO
Salas,17426,CONFIRMACIÓN,2025-01-07,2025-01-07,2024-12-23,cliente_018
Salas,17428,CONFIRMACIÓN,2025-01-07,2025-01-07,2024-12-23,cliente_018
Salas,17429,CONFIRMACIÓN,2025-01-08,2025-01-08,2024-12-23,cliente_018
Salas,17471,Perdido,2025-01-23,2025-01-23,2024-12-25,GENERICO GENERICO
Salas,17529,CONFIRMACIÓN,2025-01-28,2025-01-29,2025-01-02,cliente_019
Salas,17568,Perdido,2025-09-27,2025-09-27,2025-01-07,GENERICO GENERICO
Habs y Salas,17581,Perdido,2025-09-04,2025-09-07,2025-01-02,GENERICO GENERICO
Habs y Salas,17613,Perdido,2025-06-23,2025-06-30,2025-01-07,GENERICO GENERICO
Habs y Salas,17697,Perdido,2025-01-28,2025-01-30,2025-01-08,"GENERICO, EMPRESAS"
Habs y Salas,17718,Perdido,2025-10-30,2025-11-02,2025-01-08,"GENERICO, AGENCIAS"
Habs y Salas,17725,Perdido,2025-09-01,2025-09-04,2025-01-08,"GENERICO, AGENCIAS"
Salas,17735,CONFIRMACIÓN,2025-04-05,2025-04-07,2025-01-08,cliente_020
Salas,17737,CONFIRMACIÓN,2025-01-29,2025-01-29,2025-01-09,cliente_021
Habs y Salas,17879,CONFIRMACIÓN,2025-06-04,2025-06-09,2025-01-10,cliente_022
Salas,17888,Perdido,2025-04-10,2025-04-15,2025-01-13,GENERICO GENERICO
Habs y Salas,17889,Perdido,2025-04-15,2025-04-20,2025-01-13,GENERICO GENERICO
Habs y Salas,17890,Perdido,2025-05-09,2025-05-12,2025-01-13,GENERICO GENERICO
Habs y Salas,17901,Perdido,2025-02-14,2025-02-18,2025-01-10,"GENERICO, AGENCIAS"
Habs y Salas,17932,Perdido,2025-05-16,2025-05-18,2025-01-13,GENERICO GENERICO
Salas,17933,CONFIRMACIÓN,2025-01-20,2025-01-22,2025-01-13,cliente_023
Salas,17946,CONFIRMACIÓN,2025-01-21,2025-01-21,2025-01-13,cliente_018
Salas,17954,CONFIRMACIÓN,2025-02-03,2025-02-04,2025-01-13,cliente_024
Salas,18000,CONFIRMACIÓN,2025-01-21,2025-01-21,2025-01-14,cliente_018
Salas,18001,CONFIRMACIÓN,2025-01-22,2025-01-22,2025-01-14,cliente_018
Salas,18002,CONFIRMACIÓN,2025-01-22,2025-01-22,2025-01-14,cliente_018
Salas,18003,CONFIRMACIÓN,2025-01-23,2025-01-23,2025-01-14,cliente_018
Salas,18004,CONFIRMACIÓN,2025-01-23,2025-01-23,2025-01-14,cliente_018
Salas,18005,Perdido,2025-03-03,2025-03-03,2025-01-14,GENERICO GENERICO
Salas,18007,Perdido,2025-01-23,2025-01-23,2025-01-14,GENERICO GENERICO
Salas,18038,Perdido,2025-02-28,2025-03-01,2025-01-15,GENERICO GENERICO
Salas,18088,Perdido,2025-02-18,2025-02-18,2025-01-15,GENERICO GENERICO
Habs y Salas,18114,Perdido,2025-05-09,2025-05-12,2025-01-15,GENERICO GENERICO
Habs y Salas,18149,Perdido,2025-04-23,2025-04-25,2025-01-17,GENERICO GENERICO
Salas,18163,Perdido,2025-04-05,2025-04-05,2025-01-16,GENERICO GENERICO
Habs y Salas,18201,CONFIRMACIÓN,2025-02-17,2025-02-27,2025-01-17,GENERICO GENERICO
Salas,18204,Perdido,2025-04-07,2025-04-07,2025-01-17,GENERICO GENERICO
Habs y Salas,18205,CONFIRMACIÓN,2025-02-11,2025-02-16,2025-01-17,GENERICO GENERICO
Habs y Salas,18220,Perdido,2025-04-22,2025-04-25,2025-01-17,"GENERICO, AGENCIAS"
Salas,18350,CONFIRMACIÓN,2025-02-04,2025-02-13,2025-01-22,cliente_024
Habs y Salas,18360,CONFIRMACIÓN,2025-04-08,2025-04-25,2025-01-21,cliente_025
Habs y Salas,18406,Perdido,2025-04-25,2025-04-28,2025-01-22,GENERICO GENERICO
Salas,18408,CONFIRMACIÓN,2025-06-14,2025-06-14,2025-01-22,cliente_026
Habs y Salas,18409,Perdido,2025-04-24,2025-04-28,2025-01-22,GENERICO GENERICO
Habs y Salas,18410,Rechazado,2025-03-28,2025-03-31,2025-01-22,GENERICO GENERICO
Salas,18434,Perdido,2025-04-24,2025-04-24,2025-01-22,GENERICO GENERICO
Salas,18435,Cancelado,2025-11-22,2025-11-22,2025-01-22,cliente_026
Salas,18436,Cancelado,2025-11-30,2025-11-30,2025-01-22,cliente_026
Salas,18437,CONFIRMACIÓN,2025-02-05,2025-02-05,2025-01-22,GENERICO GENERICO
Salas,18438,Perdido,2025-02-17,2025-02-17,2025-01-22,GENERICO GENERICO
Salas,18439,CONFIRMACIÓN,2025-01-28,2025-01-28,2025-01-22,cliente_018
Salas,18440,CONFIRMACIÓN,2025-01-28,2025-02-04,2025-01-22,cliente_018
Salas,18451,CONFIRMACIÓN,2025-01-29,2025-01-29,2025-01-22,cliente_018
Habs y Salas,18456,CONFIRMACIÓN,2025-10-01,2025-10-07,2025-01-23,cliente_027
Salas,18458,CONFIRMACIÓN,2025-04-03,2025-04-03,2025-01-23,cliente_023
Salas,18501,Perdido,2025-01-24,2025-01-24,2025-01-23,GENERICO GENERICO
Habs y Salas,18503,CONFIRMACIÓN,2025-02-25,2025-03-20,2025-01-23,GENERICO GENERICO
Salas,18540,Perdido,2025-01-27,2025-01-27,2025-01-24,GENERICO GENERICO
Habs y Salas,18637,Perdido,2025-04-06,2025-04-11,2025-01-27,GENERICO GENERICO
Habs y Salas,18639,Rechazado,2025-05-13,2025-05-15,2025-01-27,"GENERICO, AGENCIAS"
Habs y Salas,18665,CONFIRMACIÓN,2025-03-13,2025-05-16,2025-01-27,cliente_028
Salas,18690,Perdido,2025-03-05,2025-06-05,2025-01-27,GENERICO GENERICO
Salas,18695,CONFIRMACIÓN,2025-02-04,2025-02-04,2025-01-28,cliente_018
Salas,18696,CONFIRMACIÓN,2025-02-04,2025-02-04,2025-01-28,cliente_018
Salas,18697,CONFIRMACIÓN,2025-02-05,2025-02-05,2025-01-28,cliente_018
Salas,18698,CONFIRMACIÓN,2025-02-05,2025-02-05,2025-01-28,cliente_018
Salas,18699,CONFIRMACIÓN,2025-02-06,2025-02-06,2025-01-28,cliente_018
Habs y Salas,18700,CONFIRMACIÓN,2025-04-07,2025-04-11,2025-01-28,GENERICO GENERICO
Salas,18714,Perdido,2025-04-09,2025-04-09,2025-01-28,GENERICO GENERICO
Habs y Salas,18716,Perdido,2025-06-27,2025-06-28,2025-01-28,GENERICO GENERICO
Salas,18753,Rechazado,2025-02-27,2025-02-27,2025-01-28,GENERICO GENERICO
Salas,18785,Perdido,2025-05-27,2025-05-29,2025-01-28,GENERICO GENERICO
Habs y Salas,18823,Perdido,2025-05-13,2025-05-18,2025-01-29,GENERICO GENERICO
Habs y Salas,18825,CONFIRMACIÓN,2025-02-25,2025-02-28,2025-01-29,cliente_029
Habs y Salas,18860,Perdido,2025-10-23,2025-10-26,2025-01-29,GENERICO GENERICO
Salas,18864,Perdido,2025-02-13,2025-02-13,2025-01-29,GENERICO GENERICO
Habs y Salas,18964,Perdido,2025-06-13,2025-06-15,2025-01-30,"GENERICO, AGENCIAS"
Habs y Salas,18997,Perdido,2025-06-26,2025-06-27,2025-01-31,GENERICO GENERICO
Salas,19037,CONFIRMACIÓN,2025-02-11,2025-02-11,2025-02-03,cliente_018
Salas,19038,CONFIRMACIÓN,2025-02-11,2025-02-11,2025-02-03,cliente_018
Salas,19040,CONFIRMACIÓN,2025-02-12,2025-02-12,2025-02-03,cliente_018
Salas,19093,CONFIRMACIÓN,2025-03-27,2025-03-31,2025-02-02,cliente_030
Habs y Salas,19094,Perdido,2025-03-19,2025-03-20,2025-02-02,GENERICO GENERICO
Salas,19101,CONFIRMACIÓN,2025-02-13,2025-02-13,2025-02-03,cliente_018
Salas,19119,CONFIRMACIÓN,2025-02-15,2025-02-15,2025-02-03,GENERICO GENERICO
Salas,19167,Perdido,2025-03-27,2025-03-27,2025-02-04,GENERICO GENERICO
Habs y Salas,19195,Rechazado,2025-09-18,2025-09-20,2025-02-04,"GENERICO, AGENCIAS"
Habs y Salas,19196,Rechazado,2025-09-11,2025-09-13,2025-02-04,"GENERICO, AGENCIAS"
Habs y Salas,19203,Cancelado,2025-09-01,2025-09-09,2025-02-04,GENERICO GENERICO
Salas,19252,Perdido,2025-05-10,2025-05-10,2025-02-05,GENERICO GENERICO
Salas,19253,Perdido,2025-04-04,2025-04-04,2025-02-05,GENERICO GENERICO
Salas,19273,Perdido,2025-11-20,2025-11-20,2025-02-05,GENERICO GENERICO
Habs y Salas,19276,CONFIRMACIÓN,2025-05-11,2025-05-13,2025-02-05,cliente_031
Salas,19351,Perdido,2025-06-27,2025-06-27,2025-02-06,GENERICO GENERICO
Salas,19492,Perdido,2025-04-03,2025-04-03,2025-02-10,GENERICO GENERICO
Habs y Salas,19493,Perdido,2025-05-15,2025-05-17,2025-02-10,GENERICO GENERICO
Habs y Salas,19506,Perdido,2025-06-25,2025-06-28,2025-02-11,GENERICO GENERICO
Salas,19553,Perdido,2025-06-20,2025-06-20,2025-02-12,GENERICO GENERICO
Salas,19556,Perdido,2025-03-26,2025-03-26,2025-02-12,GENERICO GENERICO
Salas,19597,CONFIRMACIÓN,2025-02-18,2025-02-18,2025-02-13,cliente_018
Salas,19598,CONFIRMACIÓN,2025-02-18,2025-02-25,2025-02-13,cliente_018
Salas,19600,CONFIRMACIÓN,2025-02-19,2025-02-19,2025-02-13,cliente_018
Salas,19622,Perdido,2025-12-19,2025-12-19,2025-02-13,GENERICO GENERICO
Habs y Salas,19633,Perdido,2025-11-12,2025-11-15,2025-02-13,GENERICO GENERICO
Habs y Salas,19634,Perdido,2025-09-22,2025-09-23,2025-02-13,GENERICO GENERICO
Salas,19646,Perdido,2025-05-28,2025-05-28,2025-02-13,GENERICO GENERICO
Habs y Salas,19650,Perdido,2025-09-19,2025-09-21,2025-02-13,GENERICO GENERICO
Habs y Salas,19674,Cancelado,2025-03-26,2025-03-28,2025-02-14,"GENERICO, AGENCIAS"
Habs y Salas,19676,Cancelado,2025-04-30,2025-05-02,2025-02-14,"GENERICO, AGENCIAS"
Habs y Salas,19740,Rechazado,2025-09-07,2025-09-15,2025-02-17,GENERICO GENERICO
Salas,19741,CONFIRMACIÓN,2025-06-11,2025-06-11,2025-02-17,cliente_032
Salas,19775,CONFIRMACIÓN,2025-03-26,2025-04-11,2025-02-18,cliente_033
Salas,19776,Perdido,2025-03-24,2025-03-24,2025-02-18,GENERICO GENERICO
Salas,19778,CONFIRMACIÓN,2025-02-25,2025-02-25,2025-02-18,cliente_018
Salas,19779,CONFIRMACIÓN,2025-02-25,2025-02-25,2025-02-18,cliente_018
Habs y Salas,19780,Rechazado,2025-04-03,2025-10-24,2025-02-18,GENERICO GENERICO
Habs y Salas,19994,CONFIRMACIÓN,2025-10-10,2025-10-22,2025-06-23,cliente_034
Salas,20079,Perdido,2025-04-04,2025-04-04,2025-02-24,GENERICO GENERICO
Salas,20080,Perdido,2025-04-03,2025-04-03,2025-02-24,GENERICO GENERICO
Salas,20114,CONFIRMACIÓN,2025-03-04,2025-03-04,2025-02-24,cliente_018
Salas,20115,CONFIRMACIÓN,2025-03-04,2025-03-04,2025-02-24,cliente_018
Salas,20116,CONFIRMACIÓN,2025-03-05,2025-03-05,2025-02-24,cliente_018
Salas,20117,CONFIRMACIÓN,2025-03-06,2025-03-06,2025-02-24,cliente_018
Salas,20173,CONFIRMACIÓN,2025-06-02,2025-06-12,2025-02-25,cliente_035
Salas,20230,Perdido,2025-03-06,2025-03-21,2025-02-26,GENERICO GENERICO
Salas,20233,Perdido,2025-04-04,2025-04-04,2025-02-26,GENERICO GENERICO
Salas,20317,Cancelado,2025-03-18,2025-03-20,2025-02-27,GENERICO GENERICO
Salas,20333,Perdido,2025-05-31,2025-05-31,2025-02-27,GENERICO GENERICO
Salas,20334,Perdido,2025-05-22,2025-05-22,2025-02-27,GENERICO GENERICO
Salas,20472,Cancelado,2025-03-04,2025-03-04,2025-03-03,GENERICO GENERICO
Salas,20473,Perdido,2025-09-23,2025-09-23,2025-03-03,GENERICO GENERICO
Salas,20474,Perdido,2025-04-06,2025-04-06,2025-03-03,GENERICO GENERICO
Salas,20495,Perdido,2025-05-04,2025-05-04,2025-03-03,GENERICO GENERICO
Habs y Salas,20542,Rechazado,2025-06-23,2025-06-25,2025-03-04,GENERICO GENERICO
Habs y Salas,20543,Rechazado,2025-06-25,2025-06-27,2025-03-04,GENERICO GENERICO
Habs y Salas,20648,CONFIRMACIÓN,2025-06-01,2025-06-05,2025-03-05,cliente_036
Salas,20653,Perdido,2025-05-27,2025-05-28,2025-03-05,GENERICO GENERICO
Salas,20698,Perdido,2025-05-22,2025-05-22,2025-03-06,GENERICO GENERICO
Habs y Salas,20699,CONFIRMACIÓN,2025-10-07,2025-10-13,2025-03-06,cliente_037
Habs y Salas,20704,Perdido,2025-06-26,2025-06-28,2025-03-07,GENERICO GENERICO
Habs y Salas,20705,Cancelado,2025-06-30,2025-07-02,2025-03-07,GENERICO GENERICO
Habs y Salas,20783,Perdido,2025-10-12,2025-10-16,2025-03-08,GENERICO GENERICO
Habs y Salas,20804,Rechazado,2025-04-24,2025-04-25,2025-03-10,GENERICO GENERICO
Salas,20815,Perdido,2025-06-07,2025-06-08,2025-03-10,GENERICO GENERICO
Salas,20816,CONFIRMACIÓN,2025-03-31,2025-04-01,2025-03-10,cliente_030
Habs y Salas,20844,CONFIRMACIÓN,2025-06-23,2025-06-27,2025-03-10,GENERICO GENERICO
Salas,20891,CONFIRMACIÓN,2025-04-03,2025-04-04,2025-03-11,cliente_030
Salas,20900,Perdido,2025-06-20,2025-06-20,2025-03-12,GENERICO GENERICO
Salas,20932,Perdido,2025-04-02,2025-04-02,2025-03-12,GENERICO GENERICO
Salas,20962,Cancelado,2025-06-29,2025-07-02,2025-03-12,cliente_038
Salas,21020,CONFIRMACIÓN,2025-03-20,2025-03-24,2025-03-14,cliente_039
Habs y Salas,21043,Perdido,2025-10-08,2025-10-10,2025-03-14,GENERICO GENERICO
Salas,21044,CONFIRMACIÓN,2025-04-09,2025-04-10,2025-03-14,cliente_030
Habs y Salas,21224,Perdido,2025-04-11,2025-04-18,2025-03-18,"GENERICO, AGENCIAS"
Habs y Salas,21281,Perdido,2025-04-07,2025-04-11,2025-03-18,"GENERICO, AGENCIAS"
Salas,21322,CONFIRMACIÓN,2025-05-09,2025-05-09,2025-03-19,cliente_040
Habs y Salas,21337,Perdido,2025-08-24,2025-08-26,2025-03-19,"GENERICO, AGENCIAS"
Habs y Salas,21358,Perdido,2025-08-26,2025-08-29,2025-03-20,GENERICO GENERICO
Habs y Salas,21360,Perdido,2025-10-23,2025-10-26,2025-03-20,GENERICO GENERICO
Salas,21431,Perdido,2025-04-24,2025-05-21,2025-03-20,GENERICO GENERICO
Salas,21433,Perdido,2025-05-16,2025-05-16,2025-03-20,GENERICO GENERICO
Habs y Salas,21496,Perdido,2025-10-10,2025-10-12,2025-03-21,GENERICO GENERICO
Salas,21509,Perdido,2025-05-06,2025-05-06,2025-03-23,GENERICO GENERICO
Habs y Salas,21550,Perdido,2025-09-02,2025-09-05,2025-03-24,GENERICO GENERICO
Habs y Salas,21557,Rechazado,2025-04-28,2025-04-30,2025-03-24,"GENERICO, EMPRESAS"
Salas,21563,CONFIRMACIÓN,2025-03-24,2025-03-24,2025-03-24,cliente_041
Habs y Salas,21564,CONFIRMACIÓN,2025-05-20,2025-05-23,2025-03-24,GENERICO GENERICO
Salas,21565,Perdido,2025-09-01,2025-09-01,2025-03-24,GENERICO GENERICO
Salas,21567,Perdido,2025-04-03,2025-04-03,2025-03-24,GENERICO GENERICO
Salas,21575,CONFIRMACIÓN,2025-03-26,2025-03-26,2025-03-25,cliente_042
Salas,21661,Perdido,2025-04-21,2025-04-21,2025-03-25,GENERICO GENERICO
Habs y Salas,21663,CONFIRMACIÓN,2025-03-31,2025-04-03,2025-03-25,cliente_030
Salas,21705,Perdido,2025-04-07,2025-04-07,2025-03-26,GENERICO GENERICO
Salas,21737,CONFIRMACIÓN,2025-04-03,2025-04-03,2025-03-26,cliente_018
Salas,21742,Perdido,2025-11-15,2025-11-15,2025-03-27,GENERICO GENERICO
Habs y Salas,21882,CONFIRMACIÓN,2025-07-08,2025-07-12,2025-03-31,cliente_007
Habs y Salas,21891,CONFIRMACIÓN,2025-04-16,2025-04-23,2025-03-31,"GENERICO, EMPRESAS"
Salas,21922,Perdido,2025-12-19,2025-12-19,2025-04-01,GENERICO GENERICO
Salas,21923,Perdido,2025-04-28,2025-11-28,2025-04-01,"GENERICO, EMPRESAS"
Salas,21936,Perdido,2025-05-07,2025-05-07,2025-04-01,"GENERICO, AGENCIAS"
Habs y Salas,21956,Perdido,2025-04-15,2025-04-17,2025-04-02,GENERICO GENERICO
Salas,21957,CONFIRMACIÓN,2025-04-24,2025-04-25,2025-04-02,cliente_030
Salas,21963,Perdido,2025-09-01,2025-09-01,2025-04-02,GENERICO GENERICO
Habs y Salas,22002,Perdido,2025-07-21,2025-07-24,2025-04-03,GENERICO GENERICO
Salas,22004,Perdido,2025-05-17,2025-05-17,2025-04-03,GENERICO GENERICO
Habs y Salas,22018,Perdido,2025-05-19,2025-05-22,2025-04-03,GENERICO GENERICO
Habs y Salas,22048,Perdido,2025-08-03,2025-08-06,2025-04-07,"GENERICO, AGENCIAS"
Salas,22049,Perdido,2025-05-20,2025-05-20,2025-04-07,"GENERICO, EMPRESAS"
Salas,22078,Perdido,2025-04-14,2025-04-14,2025-04-07,GENERICO GENERICO
Salas,22111,CONFIRMACIÓN,2025-05-24,2025-05-24,2025-04-07,cliente_043
Salas,22116,CONFIRMACIÓN,2025-04-16,2025-04-16,2025-04-08,cliente_018
Salas,22128,Perdido,2025-04-25,2025-04-25,2025-04-08,GENERICO GENERICO
Salas,22136,Perdido,2025-04-12,2025-04-12,2025-04-08,GENERICO GENERICO
Salas,22157,Perdido,2025-05-10,2025-05-10,2025-04-08,GENERICO GENERICO
Salas,22182,Perdido,2025-10-02,2025-10-04,2025-04-09,"GENERICO, AGENCIAS"
Salas,22189,Perdido,2025-05-10,2025-05-10,2025-04-09,GENERICO GENERICO
Habs y Salas,22210,CONFIRMACIÓN,2025-09-28,2025-10-01,2025-04-09,cliente_044
Salas,22211,Perdido,2025-06-24,2025-06-24,2025-04-09,GENERICO GENERICO
Salas,22248,Perdido,2025-06-22,2025-06-28,2025-04-10,"GENERICO, EMPRESAS"
Salas,22249,Perdido,2025-10-10,2025-10-10,2025-04-10,"GENERICO, EMPRESAS"
Salas,22309,Perdido,2025-05-22,2025-05-22,2025-04-11,"GENERICO, EMPRESAS"
Salas,22310,Perdido,2025-05-15,2025-05-15,2025-04-11,"GENERICO, EMPRESAS"
Salas,22314,Perdido,2025-04-15,2025-04-15,2025-04-11,"GENERICO, EMPRESAS"
Salas,22316,Perdido,2025-06-05,2025-06-05,2025-04-11,"GENERICO, AGENCIAS"
Salas,22323,Perdido,2025-10-18,2025-10-18,2025-04-11,"GENERICO, EMPRESAS"
Salas,22324,CONFIRMACIÓN,2025-05-05,2025-05-08,2025-04-11,cliente_045
Salas,22338,Cancelado,2025-06-08,2025-06-08,2025-04-14,GENERICO GENERICO
Salas,22365,CONFIRMACIÓN,2025-04-23,2025-04-23,2025-04-14,cliente_018
Salas,22366,CONFIRMACIÓN,2025-04-23,2025-04-23,2025-04-14,cliente_018
Salas,22390,Perdido,2025-04-27,2025-04-27,2025-04-15,GENERICO GENERICO
Salas,22401,Perdido,2025-05-11,2025-05-11,2025-04-14,GENERICO GENERICO
Habs y Salas,22417,CONFIRMACIÓN,2025-06-01,2025-06-07,2025-04-15,cliente_046
Salas,22421,Perdido,2025-04-15,2025-04-15,2025-04-15,"GENERICO, EMPRESAS"
Salas,22422,CONFIRMACIÓN,2025-05-06,2025-05-08,2025-04-15,cliente_030
Salas,22444,CONFIRMACIÓN,2025-04-15,2025-04-15,2025-04-15,cliente_047
Habs y Salas,22457,Rechazado,2025-06-10,2025-06-13,2025-04-16,cliente_048
Salas,22501,CONFIRMACIÓN,2025-05-19,2025-05-21,2025-04-16,cliente_049
Habs y Salas,22512,Perdido,2025-09-30,2025-10-03,2025-04-16,"GENERICO, AGENCIAS"
Salas,22591,CONFIRMACIÓN,2025-04-30,2025-04-30,2025-04-22,cliente_018
Habs y Salas,22649,Cancelado,2025-05-12,2025-05-13,2025-04-23,"GENERICO, AGENCIAS"
Salas,22653,Perdido,2025-11-21,2025-11-21,2025-04-23,"GENERICO, EMPRESAS"
Salas,22654,Perdido,2025-06-12,2025-06-12,2025-04-23,"GENERICO, EMPRESAS"
Habs y Salas,22656,Perdido,2025-05-15,2025-05-18,2025-04-23,GENERICO GENERICO
Habs y Salas,22657,CONFIRMACIÓN,2025-05-13,2025-05-16,2025-04-24,GENERICO GENERICO
Salas,22709,Perdido,2025-05-02,2025-05-02,2025-04-24,GENERICO GENERICO
Salas,22718,CONFIRMACIÓN,2025-05-19,2025-05-21,2025-04-24,cliente_030
Habs y Salas,22761,Rechazado,2025-07-07,2025-07-27,2025-04-28,GENERICO GENERICO
Salas,22790,CONFIRMACIÓN,2025-05-07,2025-05-07,2025-04-28,cliente_018
Habs y Salas,22798,Perdido,2025-06-29,2025-07-01,2025-04-28,GENERICO GENERICO
Salas,22821,CONFIRMACIÓN,2025-05-08,2025-05-08,2025-04-28,cliente_018
Salas,22892,CONFIRMACIÓN,2025-05-08,2025-05-08,2025-04-30,cliente_018
Salas,22937,CONFIRMACIÓN,2025-05-14,2025-05-14,2025-05-05,cliente_018
Habs y Salas,22955,CONFIRMACIÓN,2025-06-11,2025-06-13,2025-05-02,cliente_050
Salas,23003,Perdido,2025-05-28,2025-05-28,2025-05-05,"GENERICO, EMPRESAS"
Salas,23005,Rechazado,2025-05-14,2025-05-14,2025-05-06,"GENERICO, AGENCIAS"
Salas,23006,Perdido,2025-05-22,2025-05-22,2025-05-06,"GENERICO, AGENCIAS"
Salas,23019,Perdido,2025-06-20,2025-06-20,2025-05-06,"GENERICO, EMPRESAS"
Salas,23117,Perdido,2025-10-08,2025-10-09,2025-05-08,"GENERICO, AGENCIAS"
Salas,23167,CONFIRMACIÓN,2025-07-18,2025-07-18,2025-05-09,cliente_051
Salas,23168,Perdido,2025-06-13,2025-06-13,2025-05-09,"GENERICO, EMPRESAS"
Habs y Salas,23169,Perdido,2025-11-11,2025-11-14,2025-05-09,GENERICO GENERICO
Salas,23201,Rechazado,2025-11-28,2025-11-28,2025-05-09,"GENERICO, EMPRESAS"
Salas,23226,CONFIRMACIÓN,2025-05-21,2025-05-21,2025-05-12,cliente_018
Salas,23227,CONFIRMACIÓN,2025-05-21,2025-05-21,2025-05-12,cliente_018
Salas,23265,Perdido,2025-05-17,2025-05-17,2025-05-12,"GENERICO, EMPRESAS"
Salas,23295,CONFIRMACIÓN,2025-05-14,2025-05-16,2025-05-13,cliente_018
Habs y Salas,23297,Perdido,2025-06-24,2025-06-26,2025-05-13,"GENERICO, AGENCIAS"
Salas,23329,CONFIRMACIÓN,2025-11-20,2025-11-20,2025-05-14,cliente_052
Salas,23332,Perdido,2025-06-17,2025-06-17,2025-05-13,"GENERICO, AGENCIAS"
Salas,23407,Perdido,2025-09-08,2025-09-12,2025-05-15,"GENERICO, EMPRESAS"
Salas,23426,CONFIRMACIÓN,2025-05-15,2025-05-15,2025-05-15,cliente_053
Salas,23448,Perdido,2025-06-20,2025-06-20,2025-05-16,"GENERICO, EMPRESAS"
Salas,23449,CONFIRMACIÓN,2025-05-16,2025-05-16,2025-05-16,cliente_053
Salas,23453,Cancelado,2025-06-06,2025-06-06,2025-05-16,"GENERICO, EMPRESAS"
Salas,23510,CONFIRMACIÓN,2025-05-28,2025-05-28,2025-05-19,cliente_018
Salas,23556,CONFIRMACIÓN,2025-05-20,2025-05-20,2025-05-20,cliente_054
Habs y Salas,23632,CONFIRMACIÓN,2025-06-19,2025-06-23,2025-05-21,"GENERICO, EMPRESAS"
Habs y Salas,23701,Perdido,2025-06-05,2025-06-06,2025-05-22,GENERICO GENERICO
Salas,23721,Perdido,2025-06-04,2025-06-04,2025-05-22,"GENERICO, EMPRESAS"
Salas,23806,CONFIRMACIÓN,2025-06-04,2025-06-04,2025-05-26,cliente_018
Salas,23807,CONFIRMACIÓN,2025-06-05,2025-06-05,2025-05-26,cliente_018
Salas,23809,Perdido,2025-05-31,2025-05-31,2025-05-26,"GENERICO, AGENCIAS"
Salas,23954,Perdido,2025-07-08,2025-07-08,2025-05-29,GENERICO GENERICO
Habs y Salas,24003,CONFIRMACIÓN,2025-07-02,2025-07-04,2025-05-30,cliente_055
Salas,24010,CONFIRMACIÓN,2025-06-11,2025-06-11,2025-06-02,cliente_018
Salas,24041,CONFIRMACIÓN,2025-06-12,2025-06-12,2025-06-02,cliente_018
Habs y Salas,24071,Perdido,2025-10-25,2025-10-29,2025-06-03,GENERICO GENERICO
Salas,24107,Perdido,2025-11-14,2025-11-14,2025-06-04,"GENERICO, EMPRESAS"
Habs y Salas,24121,Perdido,2025-10-05,2025-10-10,2025-06-04,"GENERICO, EMPRESAS"
Salas,24163,Perdido,2025-12-01,2025-12-01,2025-06-05,"GENERICO, EMPRESAS"
Salas,24198,Perdido,2025-06-14,2025-06-14,2025-06-06,GENERICO GENERICO
Salas,24255,Perdido,2025-06-10,2025-06-10,2025-06-10,"GENERICO, EMPRESAS"
Salas,24358,Perdido,2025-07-02,2025-07-03,2025-06-12,"GENERICO, EMPRESAS"
Habs y Salas,24391,Perdido,2025-09-02,2025-09-04,2025-06-12,GENERICO GENERICO
Salas,24440,Perdido,2025-07-16,2025-07-16,2025-06-16,GENERICO GENERICO
Habs y Salas,24509,CONFIRMACIÓN,2025-10-06,2025-10-08,2025-06-17,cliente_056
Habs y Salas,24527,Perdido,2025-10-20,2025-10-24,2025-06-17,GENERICO GENERICO
Salas,24593,CONFIRMACIÓN,2025-07-07,2025-07-07,2025-06-19,cliente_023
Salas,24594,CONFIRMACIÓN,2025-06-26,2025-06-26,2025-06-19,cliente_018
Habs y Salas,24595,Perdido,2025-11-14,2025-11-16,2025-06-19,GENERICO GENERICO
Salas,24660,Perdido,2025-09-14,2025-09-14,2025-06-25,"GENERICO, EMPRESAS"
Salas,24683,Perdido,2025-09-24,2025-09-25,2025-06-23,"GENERICO, AGENCIAS"
Habs y Salas,24696,CONFIRMACIÓN,2025-07-15,2025-07-18,2025-06-23,cliente_057
Salas,24718,Perdido,2025-07-10,2025-07-10,2025-06-26,"GENERICO, EMPRESAS"
Salas,24735,Perdido,2025-12-11,2025-12-11,2025-06-25,GENERICO GENERICO
Salas,24752,Perdido,2025-09-08,2025-09-08,2025-06-25,"GENERICO, AGENCIAS"
Salas,24800,Perdido,2025-08-01,2025-08-01,2025-06-27,"GENERICO, EMPRESAS"
Salas,24810,Perdido,2025-07-07,2025-07-07,2025-06-28,"GENERICO, AGENCIAS"
Salas,24966,CONFIRMACIÓN,2025-07-03,2025-07-07,2025-07-03,cliente_018
Habs y Salas,25004,Perdido,2025-08-30,2025-08-31,2025-07-03,"GENERICO, AGENCIAS"
Salas,25053,Perdido,2025-10-08,2025-10-08,2025-07-04,"GENERICO, EMPRESAS"
Salas,25054,Perdido,2025-08-23,2025-08-23,2025-07-04,"GENERICO, EMPRESAS"
Salas,25148,CONFIRMACIÓN,2025-07-17,2025-07-17,2025-07-08,cliente_018
Habs y Salas,25186,Perdido,2025-09-07,2025-09-09,2025-07-08,"GENERICO, AGENCIAS"
Habs y Salas,25432,Perdido,2025-07-29,2025-07-31,2025-07-15,GENERICO GENERICO
Salas,25481,CONFIRMACIÓN,2025-07-24,2025-07-24,2025-07-16,cliente_018
Salas,25575,Perdido,2025-11-01,2025-11-01,2025-07-17,"GENERICO, EMPRESAS"
Salas,25614,Perdido,2025-10-07,2025-10-10,2025-07-18,"GENERICO, EMPRESAS"
Salas,25656,CONFIRMACIÓN,2025-07-23,2025-07-24,2025-07-21,cliente_018
Salas,25805,Perdido,2025-09-30,2025-10-02,2025-07-24,"GENERICO, AGENCIAS"
Salas,25807,Perdido,2025-11-03,2025-11-05,2025-07-24,"GENERICO, EMPRESAS"
Habs y Salas,25808,Perdido,2025-09-29,2025-10-03,2025-07-24,GENERICO GENERICO
Habs y Salas,25884,Perdido,2025-10-25,2025-10-27,2025-07-25,GENERICO GENERICO
Habs y Salas,25954,Cancelado,2025-08-19,2025-08-22,2025-07-28,"GENERICO, EMPRESAS"
Habs y Salas,26064,CONFIRMACIÓN,2025-09-01,2025-09-12,2025-07-31,cliente_058
Habs y Salas,26065,Perdido,2025-10-22,2025-10-26,2025-07-31,"GENERICO, AGENCIAS"
Salas,26066,Perdido,2025-10-04,2025-10-04,2025-07-31,"GENERICO, EMPRESAS"
Salas,26070,Perdido,2025-09-27,2025-09-27,2025-07-31,"GENERICO, EMPRESAS"
Habs y Salas,26101,Rechazado,2025-10-20,2025-10-23,2025-07-31,"GENERICO, EMPRESAS"
Salas,26232,Perdido,2025-12-15,2025-12-15,2025-08-05,"GENERICO, EMPRESAS"
Habs y Salas,26309,Perdido,2025-11-05,2025-11-09,2025-08-07,"GENERICO, AGENCIAS"
Salas,26314,Perdido,2025-10-27,2025-10-30,2025-08-07,"GENERICO, EMPRESAS"
Habs y Salas,26329,Perdido,2025-11-14,2025-11-16,2025-08-07,"GENERICO, AGENCIAS"
Habs y Salas,26400,CONFIRMACIÓN,2025-10-06,2025-10-09,2025-08-11,cliente_059
Habs y Salas,26405,Perdido,2025-10-04,2025-10-05,2025-08-11,"GENERICO, AGENCIAS"
Salas,26606,Perdido,2025-12-05,2025-12-19,2025-08-18,"GENERICO, EMPRESAS"
Salas,26607,Perdido,2025-10-30,2025-10-30,2025-08-18,"GENERICO, EMPRESAS"
Habs y Salas,26638,Cancelado,2025-11-06,2025-11-09,2025-08-20,"GENERICO, AGENCIAS"
Habs y Salas,26653,Perdido,2025-10-16,2025-10-19,2025-08-20,"GENERICO, EMPRESAS"
Salas,26773,Perdido,2025-12-04,2025-12-04,2025-08-25,"GENERICO, AGENCIAS"
Salas,26809,CONFIRMACIÓN,2025-10-03,2025-10-05,2025-08-26,cliente_060
Habs y Salas,26828,Perdido,2025-08-30,2025-08-31,2025-08-26,"GENERICO, AGENCIAS"
Salas,26858,Perdido,2025-12-12,2025-12-12,2025-08-27,"GENERICO, EMPRESAS"
Habs y Salas,26860,Perdido,2025-10-19,2025-11-01,2025-08-27,"GENERICO, EMPRESAS"
Salas,26871,Perdido,2025-09-27,2025-09-27,2025-08-27,GENERICO GENERICO
Salas,26891,Perdido,2025-09-22,2025-09-22,2025-08-27,"GENERICO, EMPRESAS"
Salas,26892,CONFIRMACIÓN,2025-10-05,2025-10-05,2025-08-28,cliente_061
Habs y Salas,26893,CONFIRMACIÓN,2025-10-22,2025-10-23,2025-10-02,cliente_062
Habs y Salas,26932,Perdido,2025-10-14,2025-10-17,2025-08-29,"GENERICO, AGENCIAS"
Salas,26946,CONFIRMACIÓN,2025-11-21,2025-11-21,2025-09-01,cliente_063
Salas,26962,CONFIRMACIÓN,2025-09-03,2025-09-09,2025-09-02,cliente_018
Salas,26986,Perdido,2025-12-19,2025-12-19,2025-09-02,"GENERICO, EMPRESAS"
Habs y Salas,27015,CONFIRMACIÓN,2025-10-20,2025-10-23,2025-09-03,cliente_035
Salas,27016,Perdido,2025-10-02,2025-10-02,2025-09-03,GENERICO GENERICO
Salas,27026,Perdido,2025-10-03,2025-10-03,2025-09-03,GENERICO GENERICO
Salas,27031,Perdido,2025-10-18,2025-10-18,2025-09-03,GENERICO GENERICO
Salas,27034,Perdido,2025-11-22,2025-11-22,2025-09-03,GENERICO GENERICO
Salas,27265,Perdido,2025-10-24,2025-10-24,2025-09-09,"GENERICO, EMPRESAS"
Salas,27269,Perdido,2025-09-16,2025-09-16,2025-09-09,"GENERICO, EMPRESAS"
Salas,27285,CONFIRMACIÓN,2025-11-14,2025-11-14,2025-09-09,cliente_064
Salas,27288,Perdido,2025-12-23,2025-12-23,2025-09-09,"GENERICO, AGENCIAS"
Habs y Salas,27290,Perdido,2025-10-23,2025-10-24,2025-09-09,"GENERICO, EMPRESAS"
Salas,27315,Perdido,2025-11-05,2025-11-05,2025-09-10,"GENERICO, EMPRESAS"
Salas,27318,Perdido,2025-10-17,2025-10-17,2025-09-10,"GENERICO, AGENCIAS"
Salas,27319,CONFIRMACIÓN,2025-09-18,2025-09-18,2025-09-10,cliente_018
Salas,27340,Perdido,2025-09-18,2025-09-18,2025-09-10,"GENERICO, EMPRESAS"
Salas,27353,CONFIRMACIÓN,2025-12-19,2025-12-21,2025-09-10,cliente_065
Salas,27359,CONFIRMACIÓN,2025-09-26,2025-09-26,2025-09-10,cliente_066
Salas,27371,Perdido,2025-10-24,2025-10-24,2025-09-10,"GENERICO, EMPRESAS"
Habs y Salas,27374,Perdido,2025-09-15,2025-09-16,2025-09-10,"GENERICO, AGENCIAS"
Salas,27399,Perdido,2025-10-23,2025-10-23,2025-09-12,"GENERICO, EMPRESAS"
Salas,27415,Perdido,2025-11-28,2025-11-28,2025-09-12,"GENERICO, AGENCIAS"
Salas,27418,Perdido,2025-10-17,2025-10-17,2025-09-12,GENERICO GENERICO
Salas,27423,Perdido,2025-09-22,2025-09-26,2025-09-12,"GENERICO, EMPRESAS"
Salas,27494,Perdido,2025-11-04,2025-11-04,2025-09-15,"GENERICO, AGENCIAS"
Salas,27508,Perdido,2025-11-15,2025-11-15,2025-09-16,GENERICO GENERICO
Salas,27510,Rechazado,2025-11-18,2025-11-18,2025-09-16,"GENERICO, AGENCIAS"
Salas,27528,Perdido,2025-10-09,2025-10-09,2025-09-16,"GENERICO, AGENCIAS"
Habs y Salas,27529,Perdido,2025-10-21,2025-10-22,2025-09-16,"GENERICO, AGENCIAS"
Salas,27530,Perdido,2025-12-21,2025-12-21,2025-09-16,GENERICO GENERICO
Salas,27533,CONFIRMACIÓN,2025-09-23,2025-09-23,2025-09-16,cliente_067
Salas,27534,Perdido,2025-10-29,2025-10-29,2025-09-17,"GENERICO, AGENCIAS"
Salas,27558,CONFIRMACIÓN,2025-12-21,2025-12-21,2025-09-17,cliente_068
Salas,27559,Perdido,2025-11-28,2025-11-28,2025-09-17,"GENERICO, AGENCIAS"
Salas,27560,Cancelado,2025-09-28,2025-09-28,2025-09-17,"GENERICO, EMPRESAS"
Salas,27581,Perdido,2025-10-10,2025-10-10,2025-09-17,GENERICO GENERICO
Salas,27615,Perdido,2025-11-01,2025-11-01,2025-09-18,GENERICO GENERICO
Habs y Salas,27659,Perdido,2025-10-23,2025-10-25,2025-09-19,"GENERICO, AGENCIAS"
Salas,27666,Perdido,2025-10-30,2025-10-30,2025-09-19,"GENERICO, EMPRESAS"
Salas,27669,Perdido,2025-10-17,2025-10-17,2025-09-22,"GENERICO, EMPRESAS"
Habs y Salas,27722,Perdido,2025-09-25,2025-09-26,2025-09-19,GENERICO GENERICO
Salas,27775,Perdido,2025-11-28,2025-11-28,2025-09-23,"GENERICO, EMPRESAS"
Salas,27789,Perdido,2025-10-28,2025-10-28,2025-09-22,"GENERICO, AGENCIAS"
Salas,27801,Perdido,2025-10-04,2025-10-04,2025-09-22,GENERICO GENERICO
Habs y Salas,27803,Perdido,2025-11-02,2025-11-09,2025-09-22,"GENERICO, EMPRESAS"
Salas,27810,Perdido,2025-11-22,2025-11-22,2025-09-23,GENERICO GENERICO
Salas,27857,CONFIRMACIÓN,2025-09-29,2025-09-29,2025-09-24,cliente_069
Salas,27863,Perdido,2025-11-19,2025-11-19,2025-09-24,"GENERICO, EMPRESAS"
Salas,27867,Perdido,2025-12-18,2025-12-18,2025-09-25,"GENERICO, EMPRESAS"
Salas,27904,CONFIRMACIÓN,2025-11-25,2025-11-25,2025-09-25,"GENERICO, EMPRESAS"
Salas,27907,CONFIRMACIÓN,2025-09-25,2025-09-25,2025-09-25,cliente_018
Salas,27909,Perdido,2025-10-07,2025-10-07,2025-09-25,"GENERICO, EMPRESAS"
Salas,27923,Perdido,2025-10-24,2025-10-24,2025-09-25,"GENERICO, EMPRESAS"
Salas,27978,Perdido,2025-11-19,2025-11-19,2025-09-30,"GENERICO, AGENCIAS"
Salas,27983,Perdido,2025-10-30,2025-10-30,2025-09-29,"GENERICO, EMPRESAS"
Salas,27991,CONFIRMACIÓN,2025-11-08,2025-11-08,2025-09-28,cliente_070
Salas,28030,Perdido,2025-10-24,2025-10-25,2025-09-30,"GENERICO, EMPRESAS"
Habs y Salas,28099,Perdido,2025-10-13,2025-10-15,2025-10-02,"GENERICO, EMPRESAS"
Salas,28100,Perdido,2025-12-19,2025-12-19,2025-10-02,"GENERICO, EMPRESAS"
Salas,28101,CONFIRMACIÓN,2025-10-16,2025-10-16,2025-10-01,cliente_023
Salas,28103,CONFIRMACIÓN,2025-10-07,2025-10-07,2025-10-01,cliente_071
Salas,28104,CONFIRMACIÓN,2025-10-08,2025-10-08,2025-10-01,cliente_072
Salas,28105,CONFIRMACIÓN,2025-10-09,2025-10-09,2025-10-01,cliente_073
Salas,28106,CONFIRMACIÓN,2025-10-09,2025-10-09,2025-10-01,cliente_074
Salas,28129,Perdido,2025-12-13,2025-12-13,2025-10-01,GENERICO GENERICO
Salas,28151,CONFIRMACIÓN,2025-10-09,2025-10-11,2025-10-02,cliente_018
Salas,28153,Perdido,2025-10-03,2025-10-03,2025-10-02,GENERICO GENERICO
Salas,28171,Perdido,2025-12-12,2025-12-12,2025-10-02,GENERICO GENERICO
Salas,28288,Perdido,2025-11-15,2025-11-15,2025-10-05,"GENERICO, EMPRESAS"
Salas,28304,Perdido,2025-11-06,2025-11-06,2025-10-06,GENERICO GENERICO
Salas,28305,Perdido,2025-10-18,2025-10-18,2025-10-06,"GENERICO, AGENCIAS"
Salas,28306,Perdido,2025-12-25,2025-12-25,2025-10-06,GENERICO GENERICO
Salas,28309,CONFIRMACIÓN,2025-12-19,2025-12-21,2025-10-06,cliente_075
Habs y Salas,28315,CONFIRMACIÓN,2025-11-19,2025-11-26,2025-10-06,cliente_030
Salas,28319,Perdido,2025-10-10,2025-10-10,2025-10-06,GENERICO GENERICO
Salas,28325,CONFIRMACIÓN,2025-12-04,2025-12-04,2025-10-06,cliente_040
Salas,28338,Perdido,2025-12-25,2025-12-25,2025-10-06,GENERICO GENERICO
Salas,28340,Perdido,2025-12-01,2025-12-01,2025-10-06,"GENERICO, EMPRESAS"
Salas,28341,Rechazado,2025-11-29,2025-11-29,2025-10-06,GENERICO GENERICO
Salas,28342,CONFIRMACIÓN,2025-12-26,2025-12-26,2025-10-06,cliente_076
Salas,28358,Perdido,2025-10-24,2025-10-24,2025-10-07,GENERICO GENERICO
Salas,28377,CONFIRMACIÓN,2025-10-14,2025-10-14,2025-10-07,cliente_077
Salas,28406,Perdido,2025-12-09,2025-12-10,2025-10-08,"GENERICO, EMPRESAS"
Habs y Salas,28407,Perdido,2025-11-28,2025-11-30,2025-10-08,"GENERICO, AGENCIAS"
Salas,28409,Perdido,2025-10-21,2025-10-21,2025-10-08,"GENERICO, EMPRESAS"
Salas,28410,CONFIRMACIÓN,2025-10-15,2025-10-16,2025-10-08,cliente_078
Salas,28414,Perdido,2025-10-28,2025-10-28,2025-10-08,"GENERICO, EMPRESAS"
Salas,28422,CONFIRMACIÓN,2025-10-15,2025-10-15,2025-10-08,cliente_079
Salas,28447,Perdido,2025-10-20,2025-10-20,2025-10-08,"GENERICO, EMPRESAS"
Salas,28448,CONFIRMACIÓN,2025-10-27,2025-10-28,2025-10-08,cliente_080
Habs y Salas,28450,Perdido,2025-12-08,2025-12-12,2025-10-08,"GENERICO, AGENCIAS"
Salas,28457,CONFIRMACIÓN,2025-10-15,2025-10-16,2025-10-08,cliente_018
Salas,28458,CONFIRMACIÓN,2025-10-16,2025-10-16,2025-10-08,cliente_018
Salas,28501,CONFIRMACIÓN,2025-11-04,2025-11-10,2025-10-09,cliente_081
Habs y Salas,28502,Perdido,2025-12-18,2025-12-19,2025-10-09,"GENERICO, EMPRESAS"
Salas,28517,Perdido,2025-12-16,2025-12-16,2025-10-09,GENERICO GENERICO
Habs y Salas,28538,Perdido,2025-11-27,2025-11-29,2025-10-10,"GENERICO, AGENCIAS"
Salas,28540,Perdido,2025-11-19,2025-11-19,2025-10-10,"GENERICO, AGENCIAS"
Salas,28541,CONFIRMACIÓN,2025-12-25,2025-12-25,2025-10-09,cliente_082
Salas,28564,Perdido,2025-11-08,2025-11-08,2025-10-10,GENERICO GENERICO
Salas,28568,Perdido,2025-10-25,2025-10-25,2025-10-10,GENERICO GENERICO
Salas,28569,Perdido,2025-11-27,2025-11-27,2025-10-10,GENERICO GENERICO
Salas,28591,Perdido,2025-11-07,2025-11-07,2025-10-10,"GENERICO, EMPRESAS"
Salas,28593,CONFIRMACIÓN,2025-12-24,2025-12-24,2025-10-10,cliente_083
Habs y Salas,28602,Perdido,2025-11-14,2025-11-15,2025-10-10,"GENERICO, EMPRESAS"
Habs y Salas,28648,Perdido,2025-11-27,2025-11-30,2025-10-13,"GENERICO, EMPRESAS"
Salas,28649,Perdido,2025-11-13,2025-11-13,2025-10-13,"GENERICO, EMPRESAS"
Salas,28679,CONFIRMACIÓN,2025-10-13,2025-10-13,2025-10-13,cliente_026
Salas,28692,CONFIRMACIÓN,2025-10-21,2025-10-21,2025-10-13,cliente_071
Salas,28705,CONFIRMACIÓN,2025-10-22,2025-10-22,2025-10-13,cliente_084
Salas,28707,CONFIRMACIÓN,2025-10-23,2025-10-23,2025-10-13,cliente_018
Habs y Salas,28710,CONFIRMACIÓN,2025-12-16,2025-12-18,2025-10-14,cliente_085
Habs y Salas,28715,Perdido,2025-11-27,2025-11-28,2025-10-14,"GENERICO, EMPRESAS"
Habs y Salas,28720,Perdido,2025-11-27,2025-11-29,2025-10-14,"GENERICO, EMPRESAS"
Salas,28743,Perdido,2025-11-14,2025-11-14,2025-10-14,GENERICO GENERICO
Habs y Salas,28744,Rechazado,2025-11-25,2025-11-26,2025-10-14,"GENERICO, AGENCIAS"
Salas,28760,Perdido,2025-12-19,2025-12-19,2025-10-15,GENERICO GENERICO
Salas,28818,Perdido,2025-11-15,2025-11-15,2025-10-17,"GENERICO, EMPRESAS"
Habs y Salas,28835,Perdido,2025-11-23,2025-11-29,2025-10-17,"GENERICO, AGENCIAS"
Salas,28837,CONFIRMACIÓN,2025-11-27,2025-11-27,2025-10-17,cliente_086
Habs y Salas,28931,Perdido,2025-11-14,2025-11-16,2025-10-20,"GENERICO, AGENCIAS"
Salas,28933,Perdido,2025-11-22,2025-11-22,2025-10-20,GENERICO GENERICO
Salas,28941,Perdido,2025-11-20,2025-11-20,2025-10-20,GENERICO GENERICO
Salas,28942,CONFIRMACIÓN,2025-10-28,2025-10-28,2025-10-20,cliente_087
Salas,28944,CONFIRMACIÓN,2025-10-29,2025-10-29,2025-10-20,cliente_018
Salas,28953,Perdido,2025-12-25,2025-12-25,2025-10-20,GENERICO GENERICO
Salas,28959,CONFIRMACIÓN,2025-10-30,2025-10-30,2025-10-21,cliente_018
Salas,29016,CONFIRMACIÓN,2025-12-18,2025-12-18,2025-10-21,cliente_088
Salas,29058,CONFIRMACIÓN,2025-12-25,2025-12-25,2025-10-22,cliente_089
Salas,29067,Perdido,2025-11-28,2025-11-28,2025-10-22,GENERICO GENERICO
Salas,29072,CONFIRMACIÓN,2025-12-12,2025-12-12,2025-10-22,cliente_090
Salas,29077,Perdido,2025-11-16,2025-11-16,2025-10-23,GENERICO GENERICO
Salas,29078,Perdido,2025-11-29,2025-11-29,2025-10-23,GENERICO GENERICO
Salas,29104,CONFIRMACIÓN,2025-11-29,2025-11-29,2025-10-23,cliente_091
Salas,29115,Perdido,2025-11-17,2025-11-17,2025-10-23,"GENERICO, AGENCIAS"
Salas,29116,Perdido,2025-11-27,2025-11-27,2025-10-23,"GENERICO, AGENCIAS"
Salas,29169,CONFIRMACIÓN,2025-11-13,2025-11-13,2025-10-27,cliente_023
Salas,29170,CONFIRMACIÓN,2025-12-24,2025-12-24,2025-10-27,cliente_092
Salas,29191,CONFIRMACIÓN,2025-11-17,2025-11-17,2025-10-27,GENERICO GENERICO
Salas,29195,CONFIRMACIÓN,2025-11-16,2025-11-16,2025-10-27,cliente_093
Habs y Salas,29201,Perdido,2025-11-24,2025-11-26,2025-10-27,"GENERICO, AGENCIAS"
Salas,29203,CONFIRMACIÓN,2025-12-10,2025-12-10,2025-10-27,cliente_094
Salas,29263,Perdido,2025-12-11,2025-12-11,2025-10-28,"GENERICO, EMPRESAS"
Salas,29269,Cancelado,2025-11-06,2025-11-06,2025-10-29,"GENERICO, EMPRESAS"
Salas,29284,CONFIRMACIÓN,2025-11-04,2025-11-04,2025-10-29,cliente_077
Salas,29293,CONFIRMACIÓN,2025-11-06,2025-11-06,2025-10-29,cliente_095
Salas,29305,Perdido,2025-11-27,2025-11-27,2025-10-29,"GENERICO, EMPRESAS"
Salas,29327,CONFIRMACIÓN,2025-12-12,2025-12-12,2025-10-29,cliente_096
Salas,29358,Perdido,2025-12-15,2025-12-15,2025-10-30,"GENERICO, AGENCIAS"
Habs y Salas,29359,Perdido,2025-11-05,2025-11-07,2025-10-30,"GENERICO, AGENCIAS"
Salas,29360,Perdido,2025-12-05,2025-12-05,2025-10-30,"GENERICO, AGENCIAS"
Salas,29391,Perdido,2025-12-13,2025-12-13,2025-10-31,"GENERICO, EMPRESAS"
Salas,29464,Perdido,2025-11-23,2025-11-23,2025-11-03,GENERICO GENERICO
Salas,29473,Perdido,2025-11-09,2025-11-09,2025-11-03,GENERICO GENERICO
Habs y Salas,29479,Rechazado,2025-11-25,2025-11-28,2025-11-03,"GENERICO, AGENCIAS"
Salas,29509,CONFIRMACIÓN,2025-11-12,2025-11-12,2025-11-04,cliente_018
Salas,29510,CONFIRMACIÓN,2025-11-13,2025-11-13,2025-11-04,"GENERICO, EMPRESAS"
Salas,29513,CONFIRMACIÓN,2025-11-11,2025-11-11,2025-11-04,cliente_071
Salas,29522,CONFIRMACIÓN,2025-11-13,2025-11-13,2025-11-04,cliente_073
Salas,29523,Perdido,2025-12-14,2025-12-14,2025-11-04,GENERICO GENERICO
Salas,29532,Perdido,2025-11-15,2025-11-15,2025-11-04,GENERICO GENERICO
Salas,29538,Perdido,2025-12-01,2025-12-01,2025-11-04,"GENERICO, EMPRESAS"
Salas,29548,Perdido,2025-12-11,2025-12-11,2025-11-05,"GENERICO, AGENCIAS"
Salas,29549,Perdido,2025-12-24,2025-12-24,2025-11-05,GENERICO GENERICO
Salas,29559,CONFIRMACIÓN,2025-12-25,2025-12-25,2025-11-05,cliente_097
Salas,29579,CONFIRMACIÓN,2025-12-17,2025-12-17,2025-11-06,cliente_098
Salas,29580,Perdido,2025-12-15,2025-12-15,2025-11-06,"GENERICO, EMPRESAS"
Salas,29591,CONFIRMACIÓN,2025-11-18,2025-11-19,2025-11-05,cliente_057
Habs y Salas,29611,CONFIRMACIÓN,2025-12-24,2025-12-25,2025-11-06,cliente_099
Salas,29612,CONFIRMACIÓN,2025-11-13,2025-11-13,2025-11-06,cliente_100
Salas,29671,CONFIRMACIÓN,2025-12-06,2025-12-06,2025-11-07,cliente_101
Salas,29677,Perdido,2025-12-08,2025-12-08,2025-11-07,GENERICO GENERICO
Salas,29697,Perdido,2025-12-11,2025-12-11,2025-11-07,"GENERICO, EMPRESAS"
Salas,29708,Perdido,2025-11-12,2025-11-12,2025-11-10,"GENERICO, EMPRESAS"
Salas,29715,Perdido,2025-11-29,2025-11-29,2025-11-11,GENERICO GENERICO
Salas,29735,Perdido,2025-12-06,2025-12-06,2025-11-10,GENERICO GENERICO
Salas,29737,Perdido,2025-12-19,2025-12-19,2025-11-10,GENERICO GENERICO
Salas,29750,Perdido,2025-12-19,2025-12-19,2025-11-11,GENERICO GENERICO
Salas,29756,Perdido,2025-12-15,2025-12-15,2025-11-11,"GENERICO, EMPRESAS"
Salas,29765,Perdido,2025-12-11,2025-12-11,2025-11-11,"GENERICO, EMPRESAS"
Salas,29774,CONFIRMACIÓN,2025-11-19,2025-11-19,2025-11-11,cliente_102
Salas,29778,CONFIRMACIÓN,2025-11-20,2025-11-20,2025-11-11,cliente_095
Salas,29802,Perdido,2025-12-19,2025-12-19,2025-11-11,"GENERICO, EMPRESAS"
Salas,29803,CONFIRMACIÓN,2025-11-18,2025-11-18,2025-11-11,cliente_087
Salas,29804,CONFIRMACIÓN,2025-11-19,2025-11-19,2025-11-11,cliente_103
Salas,29824,Perdido,2025-11-13,2025-11-13,2025-11-12,"GENERICO, EMPRESAS"
Salas,29872,Perdido,2025-12-16,2025-12-16,2025-11-12,"GENERICO, AGENCIAS"
Salas,29892,Perdido,2025-12-24,2025-12-24,2025-11-13,GENERICO GENERICO
Salas,29896,Perdido,2025-11-27,2025-11-27,2025-11-13,"GENERICO, EMPRESAS"
Salas,29899,CONFIRMACIÓN,2025-12-11,2025-12-12,2025-11-13,cliente_104
Salas,29926,Perdido,2025-12-20,2025-12-20,2025-11-14,GENERICO GENERICO
Habs y Salas,29946,Perdido,2025-11-15,2025-11-18,2025-11-14,"GENERICO, AGENCIAS"
Salas,29950,Perdido,2025-12-03,2025-12-03,2025-11-14,"GENERICO, EMPRESAS"
Salas,29978,CONFIRMACIÓN,2025-11-25,2025-11-25,2025-11-17,cliente_077
Salas,29979,CONFIRMACIÓN,2025-11-26,2025-11-26,2025-11-17,cliente_018
Salas,29980,CONFIRMACIÓN,2025-11-27,2025-11-27,2025-11-17,cliente_095
Salas,30010,CONFIRMACIÓN,2025-11-25,2025-11-27,2025-11-17,cliente_105
Salas,30070,CONFIRMACIÓN,2025-12-24,2025-12-24,2025-11-18,cliente_106
Salas,30080,CONFIRMACIÓN,2025-11-26,2025-11-28,2025-11-19,cliente_030
Salas,30082,Perdido,2025-12-01,2025-12-01,2025-11-18,GENERICO GENERICO
Salas,30092,Perdido,2025-12-11,2025-12-11,2025-11-18,"GENERICO, EMPRESAS"
Salas,30106,Perdido,2025-12-19,2025-12-19,2025-11-19,"GENERICO, EMPRESAS"
Salas,30116,CONFIRMACIÓN,2025-12-15,2025-12-17,2025-11-19,cliente_107
Salas,30145,CONFIRMACIÓN,2025-11-29,2025-12-01,2025-11-20,cliente_108
Salas,30147,CONFIRMACIÓN,2025-12-25,2025-12-25,2025-11-20,cliente_109
Habs y Salas,30148,Perdido,2025-12-09,2025-12-11,2025-11-20,"GENERICO, EMPRESAS"
Salas,30149,CONFIRMACIÓN,2025-12-25,2025-12-25,2025-11-20,cliente_110
Habs y Salas,30154,Perdido,2025-12-13,2025-12-16,2025-11-20,"GENERICO, EMPRESAS"
Salas,30161,Perdido,2025-12-27,2025-12-27,2025-11-20,GENERICO GENERICO
Salas,30292,CONFIRMACIÓN,2025-12-04,2025-12-05,2025-11-25,cliente_111
Salas,30296,Perdido,2025-12-11,2025-12-11,2025-11-26,"GENERICO, EMPRESAS"
Salas,30332,CONFIRMACIÓN,2025-12-02,2025-12-02,2025-11-26,cliente_071
Salas,30334,CONFIRMACIÓN,2025-12-03,2025-12-03,2025-11-26,cliente_112
Salas,30336,CONFIRMACIÓN,2025-12-04,2025-12-04,2025-11-26,cliente_113
Salas,30337,CONFIRMACIÓN,2025-12-04,2025-12-04,2025-11-26,cliente_095
Salas,30365,Perdido,2025-12-10,2025-12-10,2025-11-27,"GENERICO, EMPRESAS"
Salas,30367,Perdido,2025-12-10,2025-12-10,2025-11-27,GENERICO GENERICO
Salas,30449,CONFIRMACIÓN,2025-12-09,2025-12-13,2025-12-01,cliente_114
Salas,30465,CONFIRMACIÓN,2025-12-11,2025-12-11,2025-12-01,"GENERICO, EMPRESAS"
Salas,30466,CONFIRMACIÓN,2025-12-11,2025-12-11,2025-12-01,cliente_095
Salas,30476,CONFIRMACIÓN,2025-12-10,2025-12-10,2025-12-01,cliente_103
Salas,30486,CONFIRMACIÓN,2025-12-09,2025-12-09,2025-12-01,cliente_115
Salas,30531,CONFIRMACIÓN,2025-12-12,2025-12-12,2025-12-02,cliente_116
Salas,30546,Perdido,2025-12-16,2025-12-16,2025-12-02,GENERICO GENERICO
Salas,30565,Perdido,2025-12-16,2025-12-16,2025-12-03,GENERICO GENERICO
Salas,30567,Perdido,2025-12-15,2025-12-15,2025-12-04,"GENERICO, EMPRESAS"
Salas,30578,CONFIRMACIÓN,2025-12-08,2025-12-08,2025-12-03,cliente_101
Salas,30675,Perdido,2025-12-20,2025-12-20,2025-12-05,GENERICO GENERICO
Salas,30681,CONFIRMACIÓN,2025-12-25,2025-12-25,2025-12-05,cliente_117
Salas,30691,CONFIRMACIÓN,2025-12-13,2025-12-13,2025-12-08,cliente_118
Salas,30692,CONFIRMACIÓN,2025-12-16,2025-12-16,2025-12-08,cliente_119
Salas,30693,CONFIRMACIÓN,2025-12-18,2025-12-18,2025-12-08,cliente_095
Salas,30694,CONFIRMACIÓN,2025-12-18,2025-12-18,2025-12-08,cliente_018
Salas,30700,Perdido,2025-12-17,2025-12-17,2025-12-09,"GENERICO, AGENCIAS"
Salas,30766,Perdido,2025-12-16,2025-12-16,2025-12-11,GENERICO GENERICO
Salas,30780,CONFIRMACIÓN,2025-12-13,2025-12-13,2025-12-10,GENERICO GENERICO
Salas,30910,CONFIRMACIÓN,2025-12-24,2025-12-24,2025-12-16,cliente_120
Salas,31180,CONFIRMACIÓN,2025-12-26,2025-12-26,2025-12-26,cliente_121
